{
    "theta_ra_ah": 0.7720952454773967,
    "theta_ra_iu": 0.2513559480603413
}