{
    "theta_ra_ah": 0.7642675878770817,
    "theta_ra_iu": 0.2513559480603413
}